file,changed,rows_before,rows_after,note,run_at
/home/runner/work/Macro-analysis/Macro-analysis/global_universe/data/daily/000300.SS.csv,True,1096,1096,,2025-09-13T11:39:28+09:00
/home/runner/work/Macro-analysis/Macro-analysis/global_universe/data/daily/02803.HK.csv,False,0,0,sanitized_text_only,2025-09-13T11:39:28+09:00
/home/runner/work/Macro-analysis/Macro-analysis/global_universe/data/daily/091180.KS.csv,True,4019,4019,,2025-09-13T11:39:28+09:00
/home/runner/work/Macro-analysis/Macro-analysis/global_universe/data/daily/091230.KS.csv,True,4021,4021,,2025-09-13T11:39:28+09:00
/home/runner/work/Macro-analysis/Macro-analysis/global_universe/data/daily/102110.KS.csv,True,4016,4016,,2025-09-13T11:39:28+09:00
/home/runner/work/Macro-analysis/Macro-analysis/global_universe/data/daily/102970.KS.csv,True,4010,4010,,2025-09-13T11:39:28+09:00
/home/runner/work/Macro-analysis/Macro-analysis/global_universe/data/daily/122090.KS.csv,True,3832,3832,,2025-09-13T11:39:28+09:00
/home/runner/work/Macro-analysis/Macro-analysis/global_universe/data/daily/1306.T.csv,True,4347,4347,,2025-09-13T11:39:28+09:00
/home/runner/work/Macro-analysis/Macro-analysis/global_universe/data/daily/1311.T.csv,True,4348,4348,,2025-09-13T11:39:28+09:00
/home/runner/work/Macro-analysis/Macro-analysis/global_universe/data/daily/1321.T.csv,True,4102,4102,,2025-09-13T11:39:28+09:00
/home/runner/work/Macro-analysis/Macro-analysis/global_universe/data/daily/139240.KS.csv,True,3465,3465,,2025-09-13T11:39:28+09:00
/home/runner/work/Macro-analysis/Macro-analysis/global_universe/data/daily/139250.KS.csv,True,3509,3509,,2025-09-13T11:39:28+09:00
/home/runner/work/Macro-analysis/Macro-analysis/global_universe/data/daily/139260.KS.csv,True,3522,3522,,2025-09-13T11:39:28+09:00
/home/runner/work/Macro-analysis/Macro-analysis/global_universe/data/daily/139270.KS.csv,True,3487,3487,,2025-09-13T11:39:28+09:00
/home/runner/work/Macro-analysis/Macro-analysis/global_universe/data/daily/139290.KS.csv,True,3515,3515,,2025-09-13T11:39:28+09:00
/home/runner/work/Macro-analysis/Macro-analysis/global_universe/data/daily/1399.T.csv,True,2414,2414,,2025-09-13T11:39:28+09:00
/home/runner/work/Macro-analysis/Macro-analysis/global_universe/data/daily/140700.KS.csv,True,3506,3506,,2025-09-13T11:39:28+09:00
/home/runner/work/Macro-analysis/Macro-analysis/global_universe/data/daily/1477.T.csv,True,2442,2442,,2025-09-13T11:39:28+09:00
/home/runner/work/Macro-analysis/Macro-analysis/global_universe/data/daily/147970.KS.csv,True,3353,3353,,2025-09-13T11:39:28+09:00
/home/runner/work/Macro-analysis/Macro-analysis/global_universe/data/daily/1480.T.csv,True,2302,2302,,2025-09-13T11:39:28+09:00
/home/runner/work/Macro-analysis/Macro-analysis/global_universe/data/daily/1488.T.csv,True,2194,2194,,2025-09-13T11:39:28+09:00
/home/runner/work/Macro-analysis/Macro-analysis/global_universe/data/daily/1493.T.csv,True,2054,2054,,2025-09-13T11:39:28+09:00
/home/runner/work/Macro-analysis/Macro-analysis/global_universe/data/daily/1494.T.csv,True,2054,2054,,2025-09-13T11:39:28+09:00
/home/runner/work/Macro-analysis/Macro-analysis/global_universe/data/daily/157490.KS.csv,True,3239,3239,,2025-09-13T11:39:28+09:00
/home/runner/work/Macro-analysis/Macro-analysis/global_universe/data/daily/159736.SZ.csv,True,964,964,,2025-09-13T11:39:28+09:00
/home/runner/work/Macro-analysis/Macro-analysis/global_universe/data/daily/159852.SZ.csv,True,1115,1115,,2025-09-13T11:39:28+09:00
/home/runner/work/Macro-analysis/Macro-analysis/global_universe/data/daily/159992.SZ.csv,True,1295,1295,,2025-09-13T11:39:28+09:00
/home/runner/work/Macro-analysis/Macro-analysis/global_universe/data/daily/1615.T.csv,True,4347,4347,,2025-09-13T11:39:28+09:00
/home/runner/work/Macro-analysis/Macro-analysis/global_universe/data/daily/1617.T.csv,True,4296,4296,,2025-09-13T11:39:28+09:00
/home/runner/work/Macro-analysis/Macro-analysis/global_universe/data/daily/1618.T.csv,True,4296,4296,,2025-09-13T11:39:28+09:00
/home/runner/work/Macro-analysis/Macro-analysis/global_universe/data/daily/1619.T.csv,True,4296,4296,,2025-09-13T11:39:28+09:00
/home/runner/work/Macro-analysis/Macro-analysis/global_universe/data/daily/1620.T.csv,True,4296,4296,,2025-09-13T11:39:28+09:00
/home/runner/work/Macro-analysis/Macro-analysis/global_universe/data/daily/1621.T.csv,True,4296,4296,,2025-09-13T11:39:28+09:00
/home/runner/work/Macro-analysis/Macro-analysis/global_universe/data/daily/1622.T.csv,True,4296,4296,,2025-09-13T11:39:28+09:00
/home/runner/work/Macro-analysis/Macro-analysis/global_universe/data/daily/1623.T.csv,True,4296,4296,,2025-09-13T11:39:28+09:00
/home/runner/work/Macro-analysis/Macro-analysis/global_universe/data/daily/1624.T.csv,True,4296,4296,,2025-09-13T11:39:28+09:00
/home/runner/work/Macro-analysis/Macro-analysis/global_universe/data/daily/1625.T.csv,True,4296,4296,,2025-09-13T11:39:28+09:00
/home/runner/work/Macro-analysis/Macro-analysis/global_universe/data/daily/1626.T.csv,True,4296,4296,,2025-09-13T11:39:28+09:00
/home/runner/work/Macro-analysis/Macro-analysis/global_universe/data/daily/1627.T.csv,True,4296,4296,,2025-09-13T11:39:28+09:00
/home/runner/work/Macro-analysis/Macro-analysis/global_universe/data/daily/1628.T.csv,True,4296,4296,,2025-09-13T11:39:28+09:00
/home/runner/work/Macro-analysis/Macro-analysis/global_universe/data/daily/1629.T.csv,True,4296,4296,,2025-09-13T11:39:28+09:00
/home/runner/work/Macro-analysis/Macro-analysis/global_universe/data/daily/1630.T.csv,True,4296,4296,,2025-09-13T11:39:28+09:00
/home/runner/work/Macro-analysis/Macro-analysis/global_universe/data/daily/1631.T.csv,True,4293,4293,,2025-09-13T11:39:28+09:00
/home/runner/work/Macro-analysis/Macro-analysis/global_universe/data/daily/1632.T.csv,True,4296,4296,,2025-09-13T11:39:28+09:00
/home/runner/work/Macro-analysis/Macro-analysis/global_universe/data/daily/1633.T.csv,True,4296,4296,,2025-09-13T11:39:28+09:00
/home/runner/work/Macro-analysis/Macro-analysis/global_universe/data/daily/2017.T.csv,True,399,399,,2025-09-13T11:39:28+09:00
/home/runner/work/Macro-analysis/Macro-analysis/global_universe/data/daily/2096.T.csv,True,454,454,,2025-09-13T11:39:28+09:00
/home/runner/work/Macro-analysis/Macro-analysis/global_universe/data/daily/2098.T.csv,True,454,454,,2025-09-13T11:39:28+09:00
/home/runner/work/Macro-analysis/Macro-analysis/global_universe/data/daily/210780.KS.csv,True,2613,2613,,2025-09-13T11:39:28+09:00
/home/runner/work/Macro-analysis/Macro-analysis/global_universe/data/daily/211560.KS.csv,True,2605,2605,,2025-09-13T11:39:28+09:00
/home/runner/work/Macro-analysis/Macro-analysis/global_universe/data/daily/215620.KS.csv,True,2268,2268,,2025-09-13T11:39:28+09:00
/home/runner/work/Macro-analysis/Macro-analysis/global_universe/data/daily/227540.KS.csv,True,2415,2415,,2025-09-13T11:39:28+09:00
/home/runner/work/Macro-analysis/Macro-analysis/global_universe/data/daily/227560.KS.csv,True,2413,2413,,2025-09-13T11:39:28+09:00
/home/runner/work/Macro-analysis/Macro-analysis/global_universe/data/daily/228790.KS.csv,True,2408,2408,,2025-09-13T11:39:28+09:00
/home/runner/work/Macro-analysis/Macro-analysis/global_universe/data/daily/228800.KS.csv,True,2406,2406,,2025-09-13T11:39:28+09:00
/home/runner/work/Macro-analysis/Macro-analysis/global_universe/data/daily/244580.KS.csv,True,2262,2262,,2025-09-13T11:39:28+09:00
/home/runner/work/Macro-analysis/Macro-analysis/global_universe/data/daily/2510.T.csv,True,1912,1912,,2025-09-13T11:39:28+09:00
/home/runner/work/Macro-analysis/Macro-analysis/global_universe/data/daily/2516.T.csv,True,1873,1873,,2025-09-13T11:39:28+09:00
/home/runner/work/Macro-analysis/Macro-analysis/global_universe/data/daily/2529.T.csv,True,1563,1563,,2025-09-13T11:39:28+09:00
/home/runner/work/Macro-analysis/Macro-analysis/global_universe/data/daily/2561.T.csv,True,1360,1360,,2025-09-13T11:39:28+09:00
/home/runner/work/Macro-analysis/Macro-analysis/global_universe/data/daily/2564.T.csv,True,1238,1238,,2025-09-13T11:39:28+09:00
/home/runner/work/Macro-analysis/Macro-analysis/global_universe/data/daily/2565.T.csv,True,1238,1238,,2025-09-13T11:39:28+09:00
/home/runner/work/Macro-analysis/Macro-analysis/global_universe/data/daily/2626.T.csv,True,1137,1137,,2025-09-13T11:39:28+09:00
/home/runner/work/Macro-analysis/Macro-analysis/global_universe/data/daily/2637.T.csv,True,1094,1094,,2025-09-13T11:39:28+09:00
/home/runner/work/Macro-analysis/Macro-analysis/global_universe/data/daily/2638.T.csv,True,1038,1038,,2025-09-13T11:39:28+09:00
/home/runner/work/Macro-analysis/Macro-analysis/global_universe/data/daily/2639.T.csv,True,1038,1038,,2025-09-13T11:39:28+09:00
/home/runner/work/Macro-analysis/Macro-analysis/global_universe/data/daily/2640.T.csv,True,1038,1038,,2025-09-13T11:39:28+09:00
/home/runner/work/Macro-analysis/Macro-analysis/global_universe/data/daily/2641.T.csv,True,1038,1038,,2025-09-13T11:39:28+09:00
/home/runner/work/Macro-analysis/Macro-analysis/global_universe/data/daily/2644.T.csv,True,974,974,,2025-09-13T11:39:28+09:00
/home/runner/work/Macro-analysis/Macro-analysis/global_universe/data/daily/2645.T.csv,True,974,974,,2025-09-13T11:39:28+09:00
/home/runner/work/Macro-analysis/Macro-analysis/global_universe/data/daily/266360.KS.csv,True,2044,2044,,2025-09-13T11:39:28+09:00
/home/runner/work/Macro-analysis/Macro-analysis/global_universe/data/daily/273130.KS.csv,True,1982,1982,,2025-09-13T11:39:28+09:00
/home/runner/work/Macro-analysis/Macro-analysis/global_universe/data/daily/275300.KS.csv,True,1938,1938,,2025-09-13T11:39:28+09:00
/home/runner/work/Macro-analysis/Macro-analysis/global_universe/data/daily/277650.KS.csv,True,1935,1935,,2025-09-13T11:39:28+09:00
/home/runner/work/Macro-analysis/Macro-analysis/global_universe/data/daily/2820.HK.csv,True,1512,1512,,2025-09-13T11:39:28+09:00
/home/runner/work/Macro-analysis/Macro-analysis/global_universe/data/daily/2854.T.csv,True,793,793,,2025-09-13T11:39:28+09:00
/home/runner/work/Macro-analysis/Macro-analysis/global_universe/data/daily/3033.HK.csv,True,1239,1239,,2025-09-13T11:39:28+09:00
/home/runner/work/Macro-analysis/Macro-analysis/global_universe/data/daily/305540.KS.csv,True,1693,1693,,2025-09-13T11:39:28+09:00
/home/runner/work/Macro-analysis/Macro-analysis/global_universe/data/daily/3070.HK.csv,True,3343,3343,,2025-09-13T11:39:28+09:00
/home/runner/work/Macro-analysis/Macro-analysis/global_universe/data/daily/307510.KS.csv,True,1656,1656,,2025-09-13T11:39:28+09:00
/home/runner/work/Macro-analysis/Macro-analysis/global_universe/data/daily/310970.KS.csv,True,11,11,,2025-09-13T11:39:28+09:00
/home/runner/work/Macro-analysis/Macro-analysis/global_universe/data/daily/315270.KS.csv,True,1613,1613,,2025-09-13T11:39:28+09:00
/home/runner/work/Macro-analysis/Macro-analysis/global_universe/data/daily/3199.HK.csv,True,2848,2848,,2025-09-13T11:39:28+09:00
/home/runner/work/Macro-analysis/Macro-analysis/global_universe/data/daily/322400.KS.csv,True,1546,1546,,2025-09-13T11:39:28+09:00
/home/runner/work/Macro-analysis/Macro-analysis/global_universe/data/daily/364990.KS.csv,True,1189,1189,,2025-09-13T11:39:28+09:00
/home/runner/work/Macro-analysis/Macro-analysis/global_universe/data/daily/365000.KS.csv,True,1188,1188,,2025-09-13T11:39:28+09:00
/home/runner/work/Macro-analysis/Macro-analysis/global_universe/data/daily/381570.KS.csv,True,1069,1069,,2025-09-13T11:39:28+09:00
/home/runner/work/Macro-analysis/Macro-analysis/global_universe/data/daily/385560.KS.csv,True,1033,1033,,2025-09-13T11:39:28+09:00
/home/runner/work/Macro-analysis/Macro-analysis/global_universe/data/daily/445290.KS.csv,True,673,673,,2025-09-13T11:39:28+09:00
/home/runner/work/Macro-analysis/Macro-analysis/global_universe/data/daily/449450.KS.csv,True,637,637,,2025-09-13T11:39:28+09:00
/home/runner/work/Macro-analysis/Macro-analysis/global_universe/data/daily/466920.KS.csv,True,469,469,,2025-09-13T11:39:28+09:00
/home/runner/work/Macro-analysis/Macro-analysis/global_universe/data/daily/472720.KS.csv,True,419,419,,2025-09-13T11:39:28+09:00
/home/runner/work/Macro-analysis/Macro-analysis/global_universe/data/daily/476800.KS.csv,True,367,367,,2025-09-13T11:39:28+09:00
/home/runner/work/Macro-analysis/Macro-analysis/global_universe/data/daily/510230.SS.csv,True,3486,3486,,2025-09-13T11:39:28+09:00
/home/runner/work/Macro-analysis/Macro-analysis/global_universe/data/daily/512800.SS.csv,True,1968,1968,,2025-09-13T11:39:28+09:00
/home/runner/work/Macro-analysis/Macro-analysis/global_universe/data/daily/515100.SS.csv,True,1241,1241,,2025-09-13T11:39:28+09:00
/home/runner/work/Macro-analysis/Macro-analysis/global_universe/data/daily/515300.SS.csv,True,1458,1458,,2025-09-13T11:39:28+09:00
/home/runner/work/Macro-analysis/Macro-analysis/global_universe/data/daily/515880.SS.csv,True,1462,1462,,2025-09-13T11:39:28+09:00
/home/runner/work/Macro-analysis/Macro-analysis/global_universe/data/daily/ACWI.csv,True,4393,4393,,2025-09-13T11:39:28+09:00
/home/runner/work/Macro-analysis/Macro-analysis/global_universe/data/daily/ACWX.csv,True,4391,4391,,2025-09-13T11:39:28+09:00
/home/runner/work/Macro-analysis/Macro-analysis/global_universe/data/daily/AGG.csv,True,5524,5524,,2025-09-13T11:39:28+09:00
/home/runner/work/Macro-analysis/Macro-analysis/global_universe/data/daily/AGNG.csv,True,2348,2348,,2025-09-13T11:39:28+09:00
/home/runner/work/Macro-analysis/Macro-analysis/global_universe/data/daily/AIQ.csv,True,1840,1840,,2025-09-13T11:39:28+09:00
/home/runner/work/Macro-analysis/Macro-analysis/global_universe/data/daily/AIRR.csv,True,2895,2895,,2025-09-13T11:39:28+09:00
/home/runner/work/Macro-analysis/Macro-analysis/global_universe/data/daily/ARGT.csv,True,3654,3654,,2025-09-13T11:39:28+09:00
/home/runner/work/Macro-analysis/Macro-analysis/global_universe/data/daily/ARKG.csv,True,2730,2730,,2025-09-13T11:39:28+09:00
/home/runner/work/Macro-analysis/Macro-analysis/global_universe/data/daily/ASHR.csv,True,2979,2979,,2025-09-13T11:39:28+09:00
/home/runner/work/Macro-analysis/Macro-analysis/global_universe/data/daily/BCIM.csv,True,995,995,,2025-09-13T11:39:28+09:00
/home/runner/work/Macro-analysis/Macro-analysis/global_universe/data/daily/BDRY.csv,True,1879,1879,,2025-09-13T11:39:28+09:00
/home/runner/work/Macro-analysis/Macro-analysis/global_universe/data/daily/BLOK.csv,True,1917,1917,,2025-09-13T11:39:28+09:00
/home/runner/work/Macro-analysis/Macro-analysis/global_universe/data/daily/BNKE.L.csv,True,1551,1551,,2025-09-13T11:39:28+09:00
/home/runner/work/Macro-analysis/Macro-analysis/global_universe/data/daily/BOTZ.csv,True,2261,2261,,2025-09-13T11:39:28+09:00
/home/runner/work/Macro-analysis/Macro-analysis/global_universe/data/daily/BRLUSD_X.csv,True,5233,5233,,2025-09-13T11:39:28+09:00
/home/runner/work/Macro-analysis/Macro-analysis/global_universe/data/daily/CADUSD_X.csv,True,5720,5720,,2025-09-13T11:39:28+09:00
/home/runner/work/Macro-analysis/Macro-analysis/global_universe/data/daily/CEMQ.DE.csv,True,2708,2708,,2025-09-13T11:39:28+09:00
/home/runner/work/Macro-analysis/Macro-analysis/global_universe/data/daily/CEMR.DE.csv,True,2708,2708,,2025-09-13T11:39:28+09:00
/home/runner/work/Macro-analysis/Macro-analysis/global_universe/data/daily/CHIC.csv,True,3582,3582,,2025-09-13T11:39:28+09:00
/home/runner/work/Macro-analysis/Macro-analysis/global_universe/data/daily/CHIE.csv,True,3578,3578,,2025-09-13T11:39:28+09:00
/home/runner/work/Macro-analysis/Macro-analysis/global_universe/data/daily/CHIH.csv,True,1319,1319,,2025-09-13T11:39:28+09:00
/home/runner/work/Macro-analysis/Macro-analysis/global_universe/data/daily/CHII.csv,True,3589,3589,,2025-09-13T11:39:28+09:00
/home/runner/work/Macro-analysis/Macro-analysis/global_universe/data/daily/CHIM.csv,True,3561,3561,,2025-09-13T11:39:28+09:00
/home/runner/work/Macro-analysis/Macro-analysis/global_universe/data/daily/CHIQ.csv,True,3969,3969,,2025-09-13T11:39:28+09:00
/home/runner/work/Macro-analysis/Macro-analysis/global_universe/data/daily/CHIR.csv,True,1319,1319,,2025-09-13T11:39:28+09:00
/home/runner/work/Macro-analysis/Macro-analysis/global_universe/data/daily/CHIS.csv,True,1318,1318,,2025-09-13T11:39:28+09:00
/home/runner/work/Macro-analysis/Macro-analysis/global_universe/data/daily/CHIU.csv,True,1319,1319,,2025-09-13T11:39:28+09:00
/home/runner/work/Macro-analysis/Macro-analysis/global_universe/data/daily/CHIX.csv,True,3581,3581,,2025-09-13T11:39:28+09:00
/home/runner/work/Macro-analysis/Macro-analysis/global_universe/data/daily/CIBR.csv,True,2561,2561,,2025-09-13T11:39:28+09:00
/home/runner/work/Macro-analysis/Macro-analysis/global_universe/data/daily/CNXT.csv,True,2801,2801,,2025-09-13T11:39:28+09:00
/home/runner/work/Macro-analysis/Macro-analysis/global_universe/data/daily/CNYUSD_X.csv,True,6053,6053,,2025-09-13T11:39:28+09:00
/home/runner/work/Macro-analysis/Macro-analysis/global_universe/data/daily/COWZ.csv,True,2191,2191,,2025-09-13T11:39:28+09:00
/home/runner/work/Macro-analysis/Macro-analysis/global_universe/data/daily/CPER.csv,True,3475,3475,,2025-09-13T11:39:28+09:00
/home/runner/work/Macro-analysis/Macro-analysis/global_universe/data/daily/CQQQ.csv,True,3934,3934,,2025-09-13T11:39:28+09:00
/home/runner/work/Macro-analysis/Macro-analysis/global_universe/data/daily/CTEC.csv,True,1221,1221,,2025-09-13T11:39:28+09:00
/home/runner/work/Macro-analysis/Macro-analysis/global_universe/data/daily/CWB.csv,True,4128,4128,,2025-09-13T11:39:28+09:00
/home/runner/work/Macro-analysis/Macro-analysis/global_universe/data/daily/DBE.csv,True,4701,4701,,2025-09-13T11:39:28+09:00
/home/runner/work/Macro-analysis/Macro-analysis/global_universe/data/daily/DIA.csv,True,6955,6955,,2025-09-13T11:39:28+09:00
/home/runner/work/Macro-analysis/Macro-analysis/global_universe/data/daily/DMAT.csv,True,908,908,,2025-09-13T11:39:28+09:00
/home/runner/work/Macro-analysis/Macro-analysis/global_universe/data/daily/DRAG.csv,True,235,235,,2025-09-13T11:39:28+09:00
/home/runner/work/Macro-analysis/Macro-analysis/global_universe/data/daily/DRIV.csv,True,1861,1861,,2025-09-13T11:39:28+09:00
/home/runner/work/Macro-analysis/Macro-analysis/global_universe/data/daily/DTCR.csv,True,1221,1221,,2025-09-13T11:39:28+09:00
/home/runner/work/Macro-analysis/Macro-analysis/global_universe/data/daily/DXJC.csv,True,993,993,,2025-09-13T11:39:28+09:00
/home/runner/work/Macro-analysis/Macro-analysis/global_universe/data/daily/DXJF.csv,True,1251,1251,,2025-09-13T11:39:28+09:00
/home/runner/work/Macro-analysis/Macro-analysis/global_universe/data/daily/DXJH.csv,True,968,968,,2025-09-13T11:39:28+09:00
/home/runner/work/Macro-analysis/Macro-analysis/global_universe/data/daily/DXJR.csv,True,992,992,,2025-09-13T11:39:28+09:00
/home/runner/work/Macro-analysis/Macro-analysis/global_universe/data/daily/ECNS.csv,True,3761,3761,,2025-09-13T11:39:28+09:00
/home/runner/work/Macro-analysis/Macro-analysis/global_universe/data/daily/EEM.csv,True,5640,5640,,2025-09-13T11:39:28+09:00
/home/runner/work/Macro-analysis/Macro-analysis/global_universe/data/daily/EFA.csv,True,6046,6046,,2025-09-13T11:39:28+09:00
/home/runner/work/Macro-analysis/Macro-analysis/global_universe/data/daily/EFAV.csv,True,3493,3493,,2025-09-13T11:39:28+09:00
/home/runner/work/Macro-analysis/Macro-analysis/global_universe/data/daily/EIDO.csv,True,3861,3861,,2025-09-13T11:39:28+09:00
/home/runner/work/Macro-analysis/Macro-analysis/global_universe/data/daily/EIS.csv,True,4393,4393,,2025-09-13T11:39:28+09:00
/home/runner/work/Macro-analysis/Macro-analysis/global_universe/data/daily/EMXC.csv,True,2044,2044,,2025-09-13T11:39:28+09:00
/home/runner/work/Macro-analysis/Macro-analysis/global_universe/data/daily/ENGE.L.csv,True,3694,3694,,2025-09-13T11:39:28+09:00
/home/runner/work/Macro-analysis/Macro-analysis/global_universe/data/daily/EPI.csv,True,4415,4415,,2025-09-13T11:39:28+09:00
/home/runner/work/Macro-analysis/Macro-analysis/global_universe/data/daily/ESIC.L.csv,True,1215,1215,,2025-09-13T11:39:28+09:00
/home/runner/work/Macro-analysis/Macro-analysis/global_universe/data/daily/ESIF.L.csv,True,1214,1214,,2025-09-13T11:39:28+09:00
/home/runner/work/Macro-analysis/Macro-analysis/global_universe/data/daily/ESIS.L.csv,True,1215,1215,,2025-09-13T11:39:28+09:00
/home/runner/work/Macro-analysis/Macro-analysis/global_universe/data/daily/ESIT.L.csv,True,1212,1212,,2025-09-13T11:39:28+09:00
/home/runner/work/Macro-analysis/Macro-analysis/global_universe/data/daily/ESPO.csv,True,1733,1733,,2025-09-13T11:39:28+09:00
/home/runner/work/Macro-analysis/Macro-analysis/global_universe/data/daily/EUAD.csv,True,222,222,,2025-09-13T11:39:28+09:00
/home/runner/work/Macro-analysis/Macro-analysis/global_universe/data/daily/EUMV.csv,True,1567,1567,,2025-09-13T11:39:28+09:00
/home/runner/work/Macro-analysis/Macro-analysis/global_universe/data/daily/EURUSD_X.csv,True,5652,5652,,2025-09-13T11:39:28+09:00
/home/runner/work/Macro-analysis/Macro-analysis/global_universe/data/daily/EWA.csv,True,7420,7420,,2025-09-13T11:39:28+09:00
/home/runner/work/Macro-analysis/Macro-analysis/global_universe/data/daily/EWC.csv,True,7420,7420,,2025-09-13T11:39:28+09:00
/home/runner/work/Macro-analysis/Macro-analysis/global_universe/data/daily/EWD.csv,True,7420,7420,,2025-09-13T11:39:28+09:00
/home/runner/work/Macro-analysis/Macro-analysis/global_universe/data/daily/EWG.csv,True,7420,7420,,2025-09-13T11:39:28+09:00
/home/runner/work/Macro-analysis/Macro-analysis/global_universe/data/daily/EWH.csv,True,7419,7419,,2025-09-13T11:39:28+09:00
/home/runner/work/Macro-analysis/Macro-analysis/global_universe/data/daily/EWI.csv,True,7420,7420,,2025-09-13T11:39:28+09:00
/home/runner/work/Macro-analysis/Macro-analysis/global_universe/data/daily/EWJ.csv,True,7420,7420,,2025-09-13T11:39:28+09:00
/home/runner/work/Macro-analysis/Macro-analysis/global_universe/data/daily/EWJV.csv,True,1639,1639,,2025-09-13T11:39:28+09:00
/home/runner/work/Macro-analysis/Macro-analysis/global_universe/data/daily/EWL.csv,True,7420,7420,,2025-09-13T11:39:28+09:00
/home/runner/work/Macro-analysis/Macro-analysis/global_universe/data/daily/EWM.csv,True,7420,7420,,2025-09-13T11:39:28+09:00
/home/runner/work/Macro-analysis/Macro-analysis/global_universe/data/daily/EWP.csv,True,7420,7420,,2025-09-13T11:39:28+09:00
/home/runner/work/Macro-analysis/Macro-analysis/global_universe/data/daily/EWQ.csv,True,7420,7420,,2025-09-13T11:39:28+09:00
/home/runner/work/Macro-analysis/Macro-analysis/global_universe/data/daily/EWS.csv,True,7420,7420,,2025-09-13T11:39:28+09:00
/home/runner/work/Macro-analysis/Macro-analysis/global_universe/data/daily/EWT.csv,True,6342,6342,,2025-09-13T11:39:28+09:00
/home/runner/work/Macro-analysis/Macro-analysis/global_universe/data/daily/EWU.csv,True,7420,7420,,2025-09-13T11:39:28+09:00
/home/runner/work/Macro-analysis/Macro-analysis/global_universe/data/daily/EWW.csv,True,7420,7420,,2025-09-13T11:39:28+09:00
/home/runner/work/Macro-analysis/Macro-analysis/global_universe/data/daily/EWY.csv,True,6371,6371,,2025-09-13T11:39:28+09:00
/home/runner/work/Macro-analysis/Macro-analysis/global_universe/data/daily/EWZ.csv,True,6327,6327,,2025-09-13T11:39:28+09:00
/home/runner/work/Macro-analysis/Macro-analysis/global_universe/data/daily/EXI.csv,True,4769,4769,,2025-09-13T11:39:28+09:00
/home/runner/work/Macro-analysis/Macro-analysis/global_universe/data/daily/EXV1.DE.csv,True,4492,4492,,2025-09-13T11:39:28+09:00
/home/runner/work/Macro-analysis/Macro-analysis/global_universe/data/daily/EXV3.DE.csv,True,4494,4494,,2025-09-13T11:39:28+09:00
/home/runner/work/Macro-analysis/Macro-analysis/global_universe/data/daily/EZU.csv,True,6317,6317,,2025-09-13T11:39:28+09:00
/home/runner/work/Macro-analysis/Macro-analysis/global_universe/data/daily/FALN.csv,True,2320,2320,,2025-09-13T11:39:28+09:00
/home/runner/work/Macro-analysis/Macro-analysis/global_universe/data/daily/FDHT.csv,True,985,985,,2025-09-13T11:39:28+09:00
/home/runner/work/Macro-analysis/Macro-analysis/global_universe/data/daily/FEZ.csv,True,5759,5759,,2025-09-13T11:39:28+09:00
/home/runner/work/Macro-analysis/Macro-analysis/global_universe/data/daily/FID.csv,True,3031,3031,,2025-09-13T11:39:28+09:00
/home/runner/work/Macro-analysis/Macro-analysis/global_universe/data/daily/FLJP.csv,True,1967,1967,,2025-09-13T11:39:28+09:00
/home/runner/work/Macro-analysis/Macro-analysis/global_universe/data/daily/FTSEMIB.MI.csv,True,7077,7077,,2025-09-13T11:39:28+09:00
/home/runner/work/Macro-analysis/Macro-analysis/global_universe/data/daily/FXI.csv,True,5265,5265,,2025-09-13T11:39:28+09:00
/home/runner/work/Macro-analysis/Macro-analysis/global_universe/data/daily/GCOW.csv,True,2403,2403,,2025-09-13T11:39:28+09:00
/home/runner/work/Macro-analysis/Macro-analysis/global_universe/data/daily/GLD.csv,True,5236,5236,,2025-09-13T11:39:28+09:00
/home/runner/work/Macro-analysis/Macro-analysis/global_universe/data/daily/GREK.csv,True,3459,3459,,2025-09-13T11:39:28+09:00
/home/runner/work/Macro-analysis/Macro-analysis/global_universe/data/daily/GRID.csv,True,3977,3977,,2025-09-13T11:39:28+09:00
/home/runner/work/Macro-analysis/Macro-analysis/global_universe/data/daily/HKDUSD_X.csv,True,6110,6110,,2025-09-13T11:39:28+09:00
/home/runner/work/Macro-analysis/Macro-analysis/global_universe/data/daily/HYDR.csv,True,1045,1045,,2025-09-13T11:39:28+09:00
/home/runner/work/Macro-analysis/Macro-analysis/global_universe/data/daily/HYG.csv,True,4636,4636,,2025-09-13T11:39:28+09:00
/home/runner/work/Macro-analysis/Macro-analysis/global_universe/data/daily/IBB.csv,True,6182,6182,,2025-09-13T11:39:28+09:00
/home/runner/work/Macro-analysis/Macro-analysis/global_universe/data/daily/IBIT.csv,True,417,417,,2025-09-13T11:39:28+09:00
/home/runner/work/Macro-analysis/Macro-analysis/global_universe/data/daily/IBUY.csv,True,2362,2362,,2025-09-13T11:39:28+09:00
/home/runner/work/Macro-analysis/Macro-analysis/global_universe/data/daily/ICLN.csv,True,4330,4330,,2025-09-13T11:39:28+09:00
/home/runner/work/Macro-analysis/Macro-analysis/global_universe/data/daily/ICOL.csv,True,2317,2317,,2025-09-13T11:39:28+09:00
/home/runner/work/Macro-analysis/Macro-analysis/global_universe/data/daily/IDOG.csv,True,3070,3070,,2025-09-13T11:39:28+09:00
/home/runner/work/Macro-analysis/Macro-analysis/global_universe/data/daily/IDX_AEX.csv,True,8399,8399,,2025-09-13T11:39:28+09:00
/home/runner/work/Macro-analysis/Macro-analysis/global_universe/data/daily/IDX_AXJO.csv,True,8292,8292,,2025-09-13T11:39:28+09:00
/home/runner/work/Macro-analysis/Macro-analysis/global_universe/data/daily/IDX_BVSP.csv,True,8019,8019,,2025-09-13T11:39:28+09:00
/home/runner/work/Macro-analysis/Macro-analysis/global_universe/data/daily/IDX_CXPHX.csv,True,3172,3172,,2025-09-13T11:39:28+09:00
/home/runner/work/Macro-analysis/Macro-analysis/global_universe/data/daily/IDX_CXPIX.csv,True,3172,3172,,2025-09-13T11:39:28+09:00
/home/runner/work/Macro-analysis/Macro-analysis/global_universe/data/daily/IDX_CXPNX.csv,True,3171,3171,,2025-09-13T11:39:28+09:00
/home/runner/work/Macro-analysis/Macro-analysis/global_universe/data/daily/IDX_CXPPX.csv,True,3172,3172,,2025-09-13T11:39:28+09:00
/home/runner/work/Macro-analysis/Macro-analysis/global_universe/data/daily/IDX_CXPVX.csv,True,3172,3172,,2025-09-13T11:39:28+09:00
/home/runner/work/Macro-analysis/Macro-analysis/global_universe/data/daily/IDX_FCHI.csv,True,9024,9024,,2025-09-13T11:39:28+09:00
/home/runner/work/Macro-analysis/Macro-analysis/global_universe/data/daily/IDX_FTSE.csv,True,10532,10532,,2025-09-13T11:39:28+09:00
/home/runner/work/Macro-analysis/Macro-analysis/global_universe/data/daily/IDX_GDAXI.csv,True,9534,9534,,2025-09-13T11:39:28+09:00
/home/runner/work/Macro-analysis/Macro-analysis/global_universe/data/daily/IDX_GSPC.csv,True,24540,24540,,2025-09-13T11:39:28+09:00
/home/runner/work/Macro-analysis/Macro-analysis/global_universe/data/daily/IDX_GSPTSE.csv,True,11601,11601,,2025-09-13T11:39:28+09:00
/home/runner/work/Macro-analysis/Macro-analysis/global_universe/data/daily/IDX_HSI.csv,True,9552,9552,,2025-09-13T11:39:28+09:00
/home/runner/work/Macro-analysis/Macro-analysis/global_universe/data/daily/IDX_IBEX.csv,True,8151,8151,,2025-09-13T11:39:28+09:00
/home/runner/work/Macro-analysis/Macro-analysis/global_universe/data/daily/IDX_KS11.csv,True,7081,7081,,2025-09-13T11:39:28+09:00
/home/runner/work/Macro-analysis/Macro-analysis/global_universe/data/daily/IDX_MDAXI.csv,True,7484,7484,,2025-09-13T11:39:28+09:00
/home/runner/work/Macro-analysis/Macro-analysis/global_universe/data/daily/IDX_MXX.csv,True,8475,8475,,2025-09-13T11:39:28+09:00
/home/runner/work/Macro-analysis/Macro-analysis/global_universe/data/daily/IDX_N225.csv,True,14923,14923,,2025-09-13T11:39:28+09:00
/home/runner/work/Macro-analysis/Macro-analysis/global_universe/data/daily/IDX_NDX.csv,True,10065,10065,,2025-09-13T11:39:28+09:00
/home/runner/work/Macro-analysis/Macro-analysis/global_universe/data/daily/IDX_NSEI.csv,True,4412,4412,,2025-09-13T11:39:28+09:00
/home/runner/work/Macro-analysis/Macro-analysis/global_universe/data/daily/IDX_OMXS30.csv,True,1,1,,2025-09-13T11:39:28+09:00
/home/runner/work/Macro-analysis/Macro-analysis/global_universe/data/daily/IDX_RUT.csv,True,9574,9574,,2025-09-13T11:39:28+09:00
/home/runner/work/Macro-analysis/Macro-analysis/global_universe/data/daily/IDX_SDAXI.csv,True,3171,3171,,2025-09-13T11:39:28+09:00
/home/runner/work/Macro-analysis/Macro-analysis/global_universe/data/daily/IDX_SP400.csv,True,11265,11265,,2025-09-13T11:39:28+09:00
/home/runner/work/Macro-analysis/Macro-analysis/global_universe/data/daily/IDX_SP600.csv,True,9242,9242,,2025-09-13T11:39:28+09:00
/home/runner/work/Macro-analysis/Macro-analysis/global_universe/data/daily/IDX_SSMI.csv,True,8748,8748,,2025-09-13T11:39:28+09:00
/home/runner/work/Macro-analysis/Macro-analysis/global_universe/data/daily/IDX_STI.csv,True,9422,9422,,2025-09-13T11:39:28+09:00
/home/runner/work/Macro-analysis/Macro-analysis/global_universe/data/daily/IDX_STOXX.csv,True,5378,5378,,2025-09-13T11:39:28+09:00
/home/runner/work/Macro-analysis/Macro-analysis/global_universe/data/daily/IDX_STOXX50E.csv,True,4626,4626,,2025-09-13T11:39:28+09:00
/home/runner/work/Macro-analysis/Macro-analysis/global_universe/data/daily/IDX_TWII.csv,True,6914,6914,,2025-09-13T11:39:28+09:00
/home/runner/work/Macro-analysis/Macro-analysis/global_universe/data/daily/IEVL.MI.csv,True,2521,2521,,2025-09-13T11:39:28+09:00
/home/runner/work/Macro-analysis/Macro-analysis/global_universe/data/daily/IGOV.csv,True,4180,4180,,2025-09-13T11:39:28+09:00
/home/runner/work/Macro-analysis/Macro-analysis/global_universe/data/daily/IGV.csv,True,6075,6075,,2025-09-13T11:39:28+09:00
/home/runner/work/Macro-analysis/Macro-analysis/global_universe/data/daily/IJS.csv,True,6318,6318,,2025-09-13T11:39:28+09:00
/home/runner/work/Macro-analysis/Macro-analysis/global_universe/data/daily/IJT.csv,True,6318,6318,,2025-09-13T11:39:28+09:00
/home/runner/work/Macro-analysis/Macro-analysis/global_universe/data/daily/ILF.csv,True,6007,6007,,2025-09-13T11:39:28+09:00
/home/runner/work/Macro-analysis/Macro-analysis/global_universe/data/daily/IMTM.csv,True,2673,2673,,2025-09-13T11:39:28+09:00
/home/runner/work/Macro-analysis/Macro-analysis/global_universe/data/daily/INCO.csv,True,3543,3543,,2025-09-13T11:39:28+09:00
/home/runner/work/Macro-analysis/Macro-analysis/global_universe/data/daily/INDF.csv,True,1228,1228,,2025-09-13T11:39:28+09:00
/home/runner/work/Macro-analysis/Macro-analysis/global_universe/data/daily/INQQ.csv,True,861,861,,2025-09-13T11:39:28+09:00
/home/runner/work/Macro-analysis/Macro-analysis/global_universe/data/daily/IPAY.csv,True,2554,2554,,2025-09-13T11:39:28+09:00
/home/runner/work/Macro-analysis/Macro-analysis/global_universe/data/daily/IPO.csv,True,2994,2994,,2025-09-13T11:39:28+09:00
/home/runner/work/Macro-analysis/Macro-analysis/global_universe/data/daily/IPOS.csv,True,2749,2749,,2025-09-13T11:39:28+09:00
/home/runner/work/Macro-analysis/Macro-analysis/global_universe/data/daily/IQLT.csv,True,2677,2677,,2025-09-13T11:39:28+09:00
/home/runner/work/Macro-analysis/Macro-analysis/global_universe/data/daily/ITA.csv,True,4869,4869,,2025-09-13T11:39:28+09:00
/home/runner/work/Macro-analysis/Macro-analysis/global_universe/data/daily/IUSG.csv,True,6318,6318,,2025-09-13T11:39:28+09:00
/home/runner/work/Macro-analysis/Macro-analysis/global_universe/data/daily/IUSV.csv,True,6313,6313,,2025-09-13T11:39:28+09:00
/home/runner/work/Macro-analysis/Macro-analysis/global_universe/data/daily/IWC.csv,True,5050,5050,,2025-09-13T11:39:28+09:00
/home/runner/work/Macro-analysis/Macro-analysis/global_universe/data/daily/IWP.csv,True,6063,6063,,2025-09-13T11:39:28+09:00
/home/runner/work/Macro-analysis/Macro-analysis/global_universe/data/daily/IWS.csv,True,6063,6063,,2025-09-13T11:39:28+09:00
/home/runner/work/Macro-analysis/Macro-analysis/global_universe/data/daily/IXC.csv,True,5987,5987,,2025-09-13T11:39:28+09:00
/home/runner/work/Macro-analysis/Macro-analysis/global_universe/data/daily/IXG.csv,True,5987,5987,,2025-09-13T11:39:28+09:00
/home/runner/work/Macro-analysis/Macro-analysis/global_universe/data/daily/IXJ.csv,True,5987,5987,,2025-09-13T11:39:28+09:00
/home/runner/work/Macro-analysis/Macro-analysis/global_universe/data/daily/IXN.csv,True,5987,5987,,2025-09-13T11:39:28+09:00
/home/runner/work/Macro-analysis/Macro-analysis/global_universe/data/daily/IXP.csv,True,5987,5987,,2025-09-13T11:39:28+09:00
/home/runner/work/Macro-analysis/Macro-analysis/global_universe/data/daily/IXUS.csv,True,3238,3238,,2025-09-13T11:39:28+09:00
/home/runner/work/Macro-analysis/Macro-analysis/global_universe/data/daily/JETS.csv,True,2608,2608,,2025-09-13T11:39:28+09:00
/home/runner/work/Macro-analysis/Macro-analysis/global_universe/data/daily/JPMV.csv,True,1567,1567,,2025-09-13T11:39:28+09:00
/home/runner/work/Macro-analysis/Macro-analysis/global_universe/data/daily/JPYUSD_X.csv,True,7485,7485,,2025-09-13T11:39:28+09:00
/home/runner/work/Macro-analysis/Macro-analysis/global_universe/data/daily/JXI.csv,True,4772,4772,,2025-09-13T11:39:28+09:00
/home/runner/work/Macro-analysis/Macro-analysis/global_universe/data/daily/KBWB.csv,True,3485,3485,,2025-09-13T11:39:28+09:00
/home/runner/work/Macro-analysis/Macro-analysis/global_universe/data/daily/KCCA.csv,True,988,988,,2025-09-13T11:39:28+09:00
/home/runner/work/Macro-analysis/Macro-analysis/global_universe/data/daily/KIE.csv,True,4986,4986,,2025-09-13T11:39:28+09:00
/home/runner/work/Macro-analysis/Macro-analysis/global_universe/data/daily/KLXY.csv,True,504,504,,2025-09-13T11:39:28+09:00
/home/runner/work/Macro-analysis/Macro-analysis/global_universe/data/daily/KRBN.csv,True,1285,1285,,2025-09-13T11:39:28+09:00
/home/runner/work/Macro-analysis/Macro-analysis/global_universe/data/daily/KRE.csv,True,4836,4836,,2025-09-13T11:39:28+09:00
/home/runner/work/Macro-analysis/Macro-analysis/global_universe/data/daily/KROP.csv,True,1045,1045,,2025-09-13T11:39:28+09:00
/home/runner/work/Macro-analysis/Macro-analysis/global_universe/data/daily/KRX_IDX_1001.csv,True,9226,9226,,2025-09-13T11:39:28+09:00
/home/runner/work/Macro-analysis/Macro-analysis/global_universe/data/daily/KRX_IDX_1002.csv,True,6338,6338,,2025-09-13T11:39:28+09:00
/home/runner/work/Macro-analysis/Macro-analysis/global_universe/data/daily/KRX_IDX_1003.csv,True,6338,6338,,2025-09-13T11:39:28+09:00
/home/runner/work/Macro-analysis/Macro-analysis/global_universe/data/daily/KRX_IDX_1004.csv,True,6338,6338,,2025-09-13T11:39:28+09:00
/home/runner/work/Macro-analysis/Macro-analysis/global_universe/data/daily/KRX_IDX_1005.csv,True,9226,9226,,2025-09-13T11:39:28+09:00
/home/runner/work/Macro-analysis/Macro-analysis/global_universe/data/daily/KRX_IDX_1006.csv,True,9226,9226,,2025-09-13T11:39:28+09:00
/home/runner/work/Macro-analysis/Macro-analysis/global_universe/data/daily/KRX_IDX_1007.csv,True,9226,9226,,2025-09-13T11:39:28+09:00
/home/runner/work/Macro-analysis/Macro-analysis/global_universe/data/daily/KRX_IDX_1008.csv,True,9226,9226,,2025-09-13T11:39:28+09:00
/home/runner/work/Macro-analysis/Macro-analysis/global_universe/data/daily/KRX_IDX_1009.csv,True,9226,9226,,2025-09-13T11:39:28+09:00
/home/runner/work/Macro-analysis/Macro-analysis/global_universe/data/daily/KRX_IDX_1010.csv,True,9226,9226,,2025-09-13T11:39:28+09:00
/home/runner/work/Macro-analysis/Macro-analysis/global_universe/data/daily/KRX_IDX_1011.csv,True,9226,9226,,2025-09-13T11:39:28+09:00
/home/runner/work/Macro-analysis/Macro-analysis/global_universe/data/daily/KRX_IDX_1012.csv,True,9226,9226,,2025-09-13T11:39:28+09:00
/home/runner/work/Macro-analysis/Macro-analysis/global_universe/data/daily/KRX_IDX_1013.csv,True,9226,9226,,2025-09-13T11:39:28+09:00
/home/runner/work/Macro-analysis/Macro-analysis/global_universe/data/daily/KRX_IDX_1014.csv,True,6879,6879,,2025-09-13T11:39:28+09:00
/home/runner/work/Macro-analysis/Macro-analysis/global_universe/data/daily/KRX_IDX_1015.csv,True,9226,9226,,2025-09-13T11:39:28+09:00
/home/runner/work/Macro-analysis/Macro-analysis/global_universe/data/daily/KRX_IDX_1016.csv,True,9226,9226,,2025-09-13T11:39:28+09:00
/home/runner/work/Macro-analysis/Macro-analysis/global_universe/data/daily/KRX_IDX_1017.csv,True,6879,6879,,2025-09-13T11:39:28+09:00
/home/runner/work/Macro-analysis/Macro-analysis/global_universe/data/daily/KRX_IDX_1018.csv,True,9226,9226,,2025-09-13T11:39:28+09:00
/home/runner/work/Macro-analysis/Macro-analysis/global_universe/data/daily/KRX_IDX_1019.csv,True,9226,9226,,2025-09-13T11:39:28+09:00
/home/runner/work/Macro-analysis/Macro-analysis/global_universe/data/daily/KRX_IDX_1020.csv,True,6879,6879,,2025-09-13T11:39:28+09:00
/home/runner/work/Macro-analysis/Macro-analysis/global_universe/data/daily/KRX_IDX_1021.csv,True,9226,9226,,2025-09-13T11:39:28+09:00
/home/runner/work/Macro-analysis/Macro-analysis/global_universe/data/daily/KRX_IDX_1024.csv,True,9226,9226,,2025-09-13T11:39:28+09:00
/home/runner/work/Macro-analysis/Macro-analysis/global_universe/data/daily/KRX_IDX_1025.csv,True,9226,9226,,2025-09-13T11:39:28+09:00
/home/runner/work/Macro-analysis/Macro-analysis/global_universe/data/daily/KRX_IDX_1026.csv,True,6879,6879,,2025-09-13T11:39:28+09:00
/home/runner/work/Macro-analysis/Macro-analysis/global_universe/data/daily/KRX_IDX_1027.csv,True,9226,9226,,2025-09-13T11:39:28+09:00
/home/runner/work/Macro-analysis/Macro-analysis/global_universe/data/daily/KRX_IDX_1028.csv,True,9224,9224,,2025-09-13T11:39:28+09:00
/home/runner/work/Macro-analysis/Macro-analysis/global_universe/data/daily/KRX_IDX_1034.csv,True,6879,6879,,2025-09-13T11:39:28+09:00
/home/runner/work/Macro-analysis/Macro-analysis/global_universe/data/daily/KRX_IDX_1035.csv,True,6879,6879,,2025-09-13T11:39:28+09:00
/home/runner/work/Macro-analysis/Macro-analysis/global_universe/data/daily/KRX_IDX_1045.csv,True,294,294,,2025-09-13T11:39:28+09:00
/home/runner/work/Macro-analysis/Macro-analysis/global_universe/data/daily/KRX_IDX_1046.csv,True,294,294,,2025-09-13T11:39:28+09:00
/home/runner/work/Macro-analysis/Macro-analysis/global_universe/data/daily/KRX_IDX_1047.csv,True,294,294,,2025-09-13T11:39:28+09:00
/home/runner/work/Macro-analysis/Macro-analysis/global_universe/data/daily/KRX_IDX_1150.csv,True,3745,3745,,2025-09-13T11:39:28+09:00
/home/runner/work/Macro-analysis/Macro-analysis/global_universe/data/daily/KRX_IDX_1151.csv,True,4369,4369,,2025-09-13T11:39:28+09:00
/home/runner/work/Macro-analysis/Macro-analysis/global_universe/data/daily/KRX_IDX_1152.csv,True,4369,4369,,2025-09-13T11:39:28+09:00
/home/runner/work/Macro-analysis/Macro-analysis/global_universe/data/daily/KRX_IDX_1153.csv,True,4369,4369,,2025-09-13T11:39:28+09:00
/home/runner/work/Macro-analysis/Macro-analysis/global_universe/data/daily/KRX_IDX_1154.csv,True,4369,4369,,2025-09-13T11:39:28+09:00
/home/runner/work/Macro-analysis/Macro-analysis/global_universe/data/daily/KRX_IDX_1155.csv,True,4369,4369,,2025-09-13T11:39:28+09:00
/home/runner/work/Macro-analysis/Macro-analysis/global_universe/data/daily/KRX_IDX_1156.csv,True,4369,4369,,2025-09-13T11:39:28+09:00
/home/runner/work/Macro-analysis/Macro-analysis/global_universe/data/daily/KRX_IDX_1157.csv,True,4369,4369,,2025-09-13T11:39:28+09:00
/home/runner/work/Macro-analysis/Macro-analysis/global_universe/data/daily/KRX_IDX_1158.csv,True,4369,4369,,2025-09-13T11:39:28+09:00
/home/runner/work/Macro-analysis/Macro-analysis/global_universe/data/daily/KRX_IDX_1159.csv,True,3745,3745,,2025-09-13T11:39:28+09:00
/home/runner/work/Macro-analysis/Macro-analysis/global_universe/data/daily/KRX_IDX_1160.csv,True,3745,3745,,2025-09-13T11:39:28+09:00
/home/runner/work/Macro-analysis/Macro-analysis/global_universe/data/daily/KRX_IDX_1167.csv,True,3868,3868,,2025-09-13T11:39:28+09:00
/home/runner/work/Macro-analysis/Macro-analysis/global_universe/data/daily/KRX_IDX_1182.csv,True,3868,3868,,2025-09-13T11:39:28+09:00
/home/runner/work/Macro-analysis/Macro-analysis/global_universe/data/daily/KRX_IDX_1224.csv,True,3617,3617,,2025-09-13T11:39:28+09:00
/home/runner/work/Macro-analysis/Macro-analysis/global_universe/data/daily/KRX_IDX_1227.csv,True,3617,3617,,2025-09-13T11:39:28+09:00
/home/runner/work/Macro-analysis/Macro-analysis/global_universe/data/daily/KRX_IDX_1232.csv,True,3617,3617,,2025-09-13T11:39:28+09:00
/home/runner/work/Macro-analysis/Macro-analysis/global_universe/data/daily/KRX_IDX_1244.csv,True,3868,3868,,2025-09-13T11:39:28+09:00
/home/runner/work/Macro-analysis/Macro-analysis/global_universe/data/daily/KRX_IDX_1894.csv,True,2629,2629,,2025-09-13T11:39:28+09:00
/home/runner/work/Macro-analysis/Macro-analysis/global_universe/data/daily/KXI.csv,True,4772,4772,,2025-09-13T11:39:28+09:00
/home/runner/work/Macro-analysis/Macro-analysis/global_universe/data/daily/LIT.csv,True,3807,3807,,2025-09-13T11:39:28+09:00
/home/runner/work/Macro-analysis/Macro-analysis/global_universe/data/daily/LQD.csv,True,5818,5818,,2025-09-13T11:39:28+09:00
/home/runner/work/Macro-analysis/Macro-analysis/global_universe/data/daily/LRGF.csv,True,2608,2608,,2025-09-13T11:39:28+09:00
/home/runner/work/Macro-analysis/Macro-analysis/global_universe/data/daily/MAGS.csv,True,608,608,,2025-09-13T11:39:28+09:00
/home/runner/work/Macro-analysis/Macro-analysis/global_universe/data/daily/MAKX.csv,True,990,990,,2025-09-13T11:39:28+09:00
/home/runner/work/Macro-analysis/Macro-analysis/global_universe/data/daily/MBB.csv,True,4653,4653,,2025-09-13T11:39:28+09:00
/home/runner/work/Macro-analysis/Macro-analysis/global_universe/data/daily/MCHI.csv,True,3634,3634,,2025-09-13T11:39:28+09:00
/home/runner/work/Macro-analysis/Macro-analysis/global_universe/data/daily/MILN.csv,True,2350,2350,,2025-09-13T11:39:28+09:00
/home/runner/work/Macro-analysis/Macro-analysis/global_universe/data/daily/MOAT.csv,True,3365,3365,,2025-09-13T11:39:28+09:00
/home/runner/work/Macro-analysis/Macro-analysis/global_universe/data/daily/MOTG.csv,True,1724,1724,,2025-09-13T11:39:28+09:00
/home/runner/work/Macro-analysis/Macro-analysis/global_universe/data/daily/MTUM.csv,True,3120,3120,,2025-09-13T11:39:28+09:00
/home/runner/work/Macro-analysis/Macro-analysis/global_universe/data/daily/MXI.csv,True,4772,4772,,2025-09-13T11:39:28+09:00
/home/runner/work/Macro-analysis/Macro-analysis/global_universe/data/daily/NLR.csv,True,4547,4547,,2025-09-13T11:39:28+09:00
/home/runner/work/Macro-analysis/Macro-analysis/global_universe/data/daily/NOBL.csv,True,2998,2998,,2025-09-13T11:39:28+09:00
/home/runner/work/Macro-analysis/Macro-analysis/global_universe/data/daily/NXTG.csv,True,3661,3661,,2025-09-13T11:39:28+09:00
/home/runner/work/Macro-analysis/Macro-analysis/global_universe/data/daily/OILK.csv,True,2251,2251,,2025-09-13T11:39:28+09:00
/home/runner/work/Macro-analysis/Macro-analysis/global_universe/data/daily/PALL.csv,True,3943,3943,,2025-09-13T11:39:28+09:00
/home/runner/work/Macro-analysis/Macro-analysis/global_universe/data/daily/PAWZ.csv,True,1716,1716,,2025-09-13T11:39:28+09:00
/home/runner/work/Macro-analysis/Macro-analysis/global_universe/data/daily/PDBC.csv,True,2726,2726,,2025-09-13T11:39:28+09:00
/home/runner/work/Macro-analysis/Macro-analysis/global_universe/data/daily/PFFD.csv,True,2009,2009,,2025-09-13T11:39:28+09:00
/home/runner/work/Macro-analysis/Macro-analysis/global_universe/data/daily/PHO.csv,True,4971,4971,,2025-09-13T11:39:28+09:00
/home/runner/work/Macro-analysis/Macro-analysis/global_universe/data/daily/PKW.csv,True,4710,4710,,2025-09-13T11:39:28+09:00
/home/runner/work/Macro-analysis/Macro-analysis/global_universe/data/daily/PPLT.csv,True,3943,3943,,2025-09-13T11:39:28+09:00
/home/runner/work/Macro-analysis/Macro-analysis/global_universe/data/daily/QQQ.csv,True,6668,6668,,2025-09-13T11:39:28+09:00
/home/runner/work/Macro-analysis/Macro-analysis/global_universe/data/daily/QQQE.csv,True,3389,3389,,2025-09-13T11:39:28+09:00
/home/runner/work/Macro-analysis/Macro-analysis/global_universe/data/daily/QTUM.csv,True,1763,1763,,2025-09-13T11:39:28+09:00
/home/runner/work/Macro-analysis/Macro-analysis/global_universe/data/daily/QUAL.csv,True,3057,3057,,2025-09-13T11:39:28+09:00
/home/runner/work/Macro-analysis/Macro-analysis/global_universe/data/daily/REET.csv,True,2811,2811,,2025-09-13T11:39:28+09:00
/home/runner/work/Macro-analysis/Macro-analysis/global_universe/data/daily/REMX.csv,True,3739,3739,,2025-09-13T11:39:28+09:00
/home/runner/work/Macro-analysis/Macro-analysis/global_universe/data/daily/RSP.csv,True,5628,5628,,2025-09-13T11:39:28+09:00
/home/runner/work/Macro-analysis/Macro-analysis/global_universe/data/daily/RXI.csv,True,4773,4773,,2025-09-13T11:39:28+09:00
/home/runner/work/Macro-analysis/Macro-analysis/global_universe/data/daily/SCHD.csv,True,3493,3493,,2025-09-13T11:39:28+09:00
/home/runner/work/Macro-analysis/Macro-analysis/global_universe/data/daily/SCJ.csv,True,4455,4455,,2025-09-13T11:39:28+09:00
/home/runner/work/Macro-analysis/Macro-analysis/global_universe/data/daily/SHLD.csv,True,500,500,,2025-09-13T11:39:28+09:00
/home/runner/work/Macro-analysis/Macro-analysis/global_universe/data/daily/SKYY.csv,True,3567,3567,,2025-09-13T11:39:28+09:00
/home/runner/work/Macro-analysis/Macro-analysis/global_universe/data/daily/SLV.csv,True,4874,4874,,2025-09-13T11:39:28+09:00
/home/runner/work/Macro-analysis/Macro-analysis/global_universe/data/daily/SMEA.MI.csv,True,430,430,,2025-09-13T11:39:28+09:00
/home/runner/work/Macro-analysis/Macro-analysis/global_universe/data/daily/SMIN.csv,True,3417,3417,,2025-09-13T11:39:28+09:00
/home/runner/work/Macro-analysis/Macro-analysis/global_universe/data/daily/SNSR.csv,True,2258,2258,,2025-09-13T11:39:28+09:00
/home/runner/work/Macro-analysis/Macro-analysis/global_universe/data/daily/SOXX.csv,True,6077,6077,,2025-09-13T11:39:28+09:00
/home/runner/work/Macro-analysis/Macro-analysis/global_universe/data/daily/SPHB.csv,True,3610,3610,,2025-09-13T11:39:28+09:00
/home/runner/work/Macro-analysis/Macro-analysis/global_universe/data/daily/SPHQ.csv,True,4972,4972,,2025-09-13T11:39:28+09:00
/home/runner/work/Macro-analysis/Macro-analysis/global_universe/data/daily/SPLV.csv,True,3610,3610,,2025-09-13T11:39:28+09:00
/home/runner/work/Macro-analysis/Macro-analysis/global_universe/data/daily/SPTM.csv,True,6267,6267,,2025-09-13T11:39:28+09:00
/home/runner/work/Macro-analysis/Macro-analysis/global_universe/data/daily/SPY.csv,True,8210,8210,,2025-09-13T11:39:28+09:00
/home/runner/work/Macro-analysis/Macro-analysis/global_universe/data/daily/SPYD.csv,True,2486,2486,,2025-09-13T11:39:28+09:00
/home/runner/work/Macro-analysis/Macro-analysis/global_universe/data/daily/SRLN.csv,True,3130,3130,,2025-09-13T11:39:28+09:00
/home/runner/work/Macro-analysis/Macro-analysis/global_universe/data/daily/SX4P.Z.csv,True,7393,7393,,2025-09-13T11:39:28+09:00
/home/runner/work/Macro-analysis/Macro-analysis/global_universe/data/daily/SX6P.Z.csv,True,7392,7392,,2025-09-13T11:39:28+09:00
/home/runner/work/Macro-analysis/Macro-analysis/global_universe/data/daily/SX7P.Z.csv,True,1,1,,2025-09-13T11:39:28+09:00
/home/runner/work/Macro-analysis/Macro-analysis/global_universe/data/daily/SX8P.Z.csv,True,1,1,,2025-09-13T11:39:28+09:00
/home/runner/work/Macro-analysis/Macro-analysis/global_universe/data/daily/SXAP.Z.csv,True,7358,7358,,2025-09-13T11:39:28+09:00
/home/runner/work/Macro-analysis/Macro-analysis/global_universe/data/daily/SXDP.Z.csv,True,7396,7396,,2025-09-13T11:39:28+09:00
/home/runner/work/Macro-analysis/Macro-analysis/global_universe/data/daily/SXIP.Z.csv,True,7393,7393,,2025-09-13T11:39:28+09:00
/home/runner/work/Macro-analysis/Macro-analysis/global_universe/data/daily/SXKP.Z.csv,True,2853,2853,,2025-09-13T11:39:28+09:00
/home/runner/work/Macro-analysis/Macro-analysis/global_universe/data/daily/SXNP.Z.csv,True,7393,7393,,2025-09-13T11:39:28+09:00
/home/runner/work/Macro-analysis/Macro-analysis/global_universe/data/daily/SXOP.Z.csv,True,7374,7374,,2025-09-13T11:39:28+09:00
/home/runner/work/Macro-analysis/Macro-analysis/global_universe/data/daily/SXPP.Z.csv,True,7369,7369,,2025-09-13T11:39:28+09:00
/home/runner/work/Macro-analysis/Macro-analysis/global_universe/data/daily/TAN.csv,True,4380,4380,,2025-09-13T11:39:28+09:00
/home/runner/work/Macro-analysis/Macro-analysis/global_universe/data/daily/THD.csv,True,4391,4391,,2025-09-13T11:39:28+09:00
/home/runner/work/Macro-analysis/Macro-analysis/global_universe/data/daily/THNR.csv,True,327,327,,2025-09-13T11:39:28+09:00
/home/runner/work/Macro-analysis/Macro-analysis/global_universe/data/daily/TILL.csv,True,833,833,,2025-09-13T11:39:28+09:00
/home/runner/work/Macro-analysis/Macro-analysis/global_universe/data/daily/TIP.csv,True,5476,5476,,2025-09-13T11:39:28+09:00
/home/runner/work/Macro-analysis/Macro-analysis/global_universe/data/daily/TLT.csv,True,5818,5818,,2025-09-13T11:39:28+09:00
/home/runner/work/Macro-analysis/Macro-analysis/global_universe/data/daily/TPYP.csv,True,2566,2566,,2025-09-13T11:39:28+09:00
/home/runner/work/Macro-analysis/Macro-analysis/global_universe/data/daily/TUR.csv,True,4393,4393,,2025-09-13T11:39:28+09:00
/home/runner/work/Macro-analysis/Macro-analysis/global_universe/data/daily/UFO.csv,True,1613,1613,,2025-09-13T11:39:28+09:00
/home/runner/work/Macro-analysis/Macro-analysis/global_universe/data/daily/UNG.csv,True,4631,4631,,2025-09-13T11:39:28+09:00
/home/runner/work/Macro-analysis/Macro-analysis/global_universe/data/daily/URTH.csv,True,3436,3436,,2025-09-13T11:39:28+09:00
/home/runner/work/Macro-analysis/Macro-analysis/global_universe/data/daily/USMV.csv,True,3493,3493,,2025-09-13T11:39:28+09:00
/home/runner/work/Macro-analysis/Macro-analysis/global_universe/data/daily/VIG.csv,True,4872,4872,,2025-09-13T11:39:28+09:00
/home/runner/work/Macro-analysis/Macro-analysis/global_universe/data/daily/VNM.csv,True,4044,4044,,2025-09-13T11:39:28+09:00
/home/runner/work/Macro-analysis/Macro-analysis/global_universe/data/daily/VPL.csv,True,5160,5160,,2025-09-13T11:39:28+09:00
/home/runner/work/Macro-analysis/Macro-analysis/global_universe/data/daily/VXX.csv,True,1918,1918,,2025-09-13T11:39:28+09:00
/home/runner/work/Macro-analysis/Macro-analysis/global_universe/data/daily/VYM.csv,True,4733,4733,,2025-09-13T11:39:28+09:00
/home/runner/work/Macro-analysis/Macro-analysis/global_universe/data/daily/XDER.L.csv,True,3905,3905,,2025-09-13T11:39:28+09:00
/home/runner/work/Macro-analysis/Macro-analysis/global_universe/data/daily/XLB.csv,True,6721,6721,,2025-09-13T11:39:28+09:00
/home/runner/work/Macro-analysis/Macro-analysis/global_universe/data/daily/XLC.csv,True,1818,1818,,2025-09-13T11:39:28+09:00
/home/runner/work/Macro-analysis/Macro-analysis/global_universe/data/daily/XLE.csv,True,6721,6721,,2025-09-13T11:39:28+09:00
/home/runner/work/Macro-analysis/Macro-analysis/global_universe/data/daily/XLF.csv,True,6721,6721,,2025-09-13T11:39:28+09:00
/home/runner/work/Macro-analysis/Macro-analysis/global_universe/data/daily/XLG.csv,True,5118,5118,,2025-09-13T11:39:28+09:00
/home/runner/work/Macro-analysis/Macro-analysis/global_universe/data/daily/XLI.csv,True,6721,6721,,2025-09-13T11:39:28+09:00
/home/runner/work/Macro-analysis/Macro-analysis/global_universe/data/daily/XLK.csv,True,6721,6721,,2025-09-13T11:39:28+09:00
/home/runner/work/Macro-analysis/Macro-analysis/global_universe/data/daily/XLP.csv,True,6721,6721,,2025-09-13T11:39:28+09:00
/home/runner/work/Macro-analysis/Macro-analysis/global_universe/data/daily/XLRE.csv,True,2496,2496,,2025-09-13T11:39:28+09:00
/home/runner/work/Macro-analysis/Macro-analysis/global_universe/data/daily/XLU.csv,True,6721,6721,,2025-09-13T11:39:28+09:00
/home/runner/work/Macro-analysis/Macro-analysis/global_universe/data/daily/XLV.csv,True,6721,6721,,2025-09-13T11:39:28+09:00
/home/runner/work/Macro-analysis/Macro-analysis/global_universe/data/daily/XLY.csv,True,6721,6721,,2025-09-13T11:39:28+09:00
/home/runner/work/Macro-analysis/Macro-analysis/global_universe/data/daily/XRT.csv,True,4836,4836,,2025-09-13T11:39:28+09:00
/home/runner/work/Macro-analysis/Macro-analysis/global_universe/data/daily/XT.csv,True,2633,2633,,2025-09-13T11:39:28+09:00
/home/runner/work/Macro-analysis/Macro-analysis/global_universe/data/daily/ZAP.csv,True,182,182,,2025-09-13T11:39:28+09:00
